{"sections":{"slideshow":{"type":"slideshow","blocks":{"slide-0":{"type":"slide","settings":{"image":"shopify:\/\/shop_images\/gratis_track_trace_verzending_2.png","heading":"LoeLoe Amsterdam","heading_size":"h1","subheading":"Makkelijk shoppen, geweldige vondsten.","button_label":"Shop Nu","link":"shopify:\/\/collections\/all","button_style_secondary":false,"box_align":"middle-left","show_text_box":true,"text_alignment":"left","image_overlay_opacity":10,"color_scheme":"background-1","text_alignment_mobile":"left"}}},"block_order":["slide-0"],"settings":{"layout":"full_bleed","slide_height":"medium","slider_visual":"counter","auto_rotate":false,"change_slides_speed":5,"image_behavior":"none","show_text_below":true,"accessibility_info":"Slideshow about our brand"}},"e5dcb907-3b0d-434a-8b71-03499c1be498":{"type":"collection-list","blocks":{"template--18184665891081__e5dcb907-3b0d-434a-8b71-03499c1be498-featured_collection-1":{"type":"featured_collection","settings":{"collection":"mannen"}},"template--18184665891081__e5dcb907-3b0d-434a-8b71-03499c1be498-featured_collection-2":{"type":"featured_collection","settings":{"collection":"vrouwen"}},"template--18184665891081__e5dcb907-3b0d-434a-8b71-03499c1be498-featured_collection-3":{"type":"featured_collection","settings":{"collection":"koopjes"}}},"block_order":["template--18184665891081__e5dcb907-3b0d-434a-8b71-03499c1be498-featured_collection-1","template--18184665891081__e5dcb907-3b0d-434a-8b71-03499c1be498-featured_collection-2","template--18184665891081__e5dcb907-3b0d-434a-8b71-03499c1be498-featured_collection-3"],"settings":{"title":"Onze categorieen","heading_size":"h1","image_ratio":"square","columns_desktop":3,"color_scheme":"","show_view_all":true,"columns_mobile":"1","swipe_on_mobile":true,"padding_top":36,"padding_bottom":36}},"bfd1229d-1a9f-4545-a781-ea7c7cbb8305":{"type":"image-with-text","blocks":{"template--20606569840921__bfd1229d-1a9f-4545-a781-ea7c7cbb8305-heading-1":{"type":"heading","settings":{"heading":"Ontmoet Lola","heading_size":"h1"}},"template--20606569840921__bfd1229d-1a9f-4545-a781-ea7c7cbb8305-text-1":{"type":"text","settings":{"text":"<p>Lola is de hond van LoeLoe Amsterdam.<\/p><p>Lola pakt geen pakketjes in en doet geen administratief werk, maar maakt onze kantoordagen nóg leuker!<br\/><br\/>Samen met het kleine, maar sterke team brengen wij de trend naar jou toe.<br\/><br\/>Ons doel voor 2024: meer dan 100.000 klanten tevreden maken met de nieuwste trends. <\/p>","text_style":"body"}}},"block_order":["template--20606569840921__bfd1229d-1a9f-4545-a781-ea7c7cbb8305-heading-1","template--20606569840921__bfd1229d-1a9f-4545-a781-ea7c7cbb8305-text-1"],"settings":{"image":"shopify:\/\/shop_images\/Amsterdam_LOELOE_1.png","height":"adapt","desktop_image_width":"medium","layout":"image_first","desktop_content_position":"top","desktop_content_alignment":"center","content_layout":"no-overlap","color_scheme":"","image_behavior":"none","mobile_content_alignment":"left","padding_top":36,"padding_bottom":36}},"featured-collection-0":{"type":"featured-collection","settings":{"title":"Uitgelichte producten","heading_size":"h2","description":"","show_description":false,"description_style":"body","collection":"all","products_to_show":12,"columns_desktop":4,"full_width":false,"show_view_all":false,"view_all_style":"solid","enable_desktop_slider":false,"color_scheme":"background-1","image_ratio":"portrait","image_shape":"default","show_secondary_image":false,"show_vendor":false,"show_rating":false,"enable_quick_add":true,"columns_mobile":"2","swipe_on_mobile":false,"padding_top":60,"padding_bottom":60}},"rich_text_CUQBzE":{"type":"rich-text","blocks":{"heading_zQQJYp":{"type":"heading","settings":{"heading":"Even over LoeLoe...","heading_size":"h1"}},"text_dMLjgC":{"type":"text","settings":{"text":"<p>LoeLoe Amsterdam is een jong maar zeer gedreven merk. Met een sterk team verzorgen wij Nederland en België van de nieuwste trends.<\/p>"}}},"block_order":["heading_zQQJYp","text_dMLjgC"],"settings":{"desktop_content_position":"center","content_alignment":"center","color_scheme":"","full_width":true,"padding_top":40,"padding_bottom":52}},"59e4fdc6-f7c9-43d0-a567-2fc6db6b2efd":{"type":"aus-tp-slider","blocks":{"317aae1a-ee5f-464b-a713-784c8e5f0908":{"type":"richtext","settings":{"rating":"5","verified":"Geverifieerd","review_title":"Fijne aankoop","review_content":"<p>Ik heb een mega fijne ervaring met LoeLoe, ik bestel er met vaker en vind de producten top.<\/p>","review_time":"24-01-2024","customer_name":"Lisa K."}}},"block_order":["317aae1a-ee5f-464b-a713-784c8e5f0908"],"settings":{"heading":"Uitstekend!","content":"<p><strong>4.7\/5<\/strong> Gebaseerd op<strong> 827+ reviews <\/strong><\/p>"}}},"order":["slideshow","e5dcb907-3b0d-434a-8b71-03499c1be498","bfd1229d-1a9f-4545-a781-ea7c7cbb8305","featured-collection-0","rich_text_CUQBzE","59e4fdc6-f7c9-43d0-a567-2fc6db6b2efd"]}