{"sections":{"main":{"type":"main-product","blocks":{"title":{"type":"title","settings":{}},"rating":{"type":"rating","settings":{}},"price":{"type":"price","settings":{}},"variant_picker":{"type":"variant_picker","settings":{"picker_type":"button"}},"quantity_selector":{"type":"quantity_selector","settings":{}},"buy_buttons":{"type":"buy_buttons","settings":{"show_dynamic_checkout":false,"show_gift_card_recipient":false}},"description":{"type":"description","settings":{}},"0564837d-ab7a-4bd1-8205-de1c8334fdfe":{"type":"icon-with-text","settings":{"layout":"horizontal","icon_1":"heart","heading_1":"Dit product ga je leuk vinden","icon_2":"return","heading_2":"Toch niet leuk? Geld terug!","icon_3":"truck","heading_3":"Gratis verzending op iedere bestelling"}}},"block_order":["title","rating","price","variant_picker","quantity_selector","buy_buttons","description","0564837d-ab7a-4bd1-8205-de1c8334fdfe"],"settings":{"enable_sticky_info":true,"media_size":"small","constrain_to_viewport":false,"media_fit":"cover","gallery_layout":"thumbnail_slider","media_position":"left","image_zoom":"none","mobile_thumbnails":"hide","hide_variants":false,"enable_video_looping":false,"padding_top":28,"padding_bottom":28}},"related-products":{"type":"related-products","disabled":true,"settings":{"heading":"You may also like","heading_size":"h2","products_to_show":4,"columns_desktop":4,"color_scheme":"background-1","image_ratio":"portrait","image_shape":"default","show_secondary_image":true,"show_vendor":false,"show_rating":false,"columns_mobile":"2","padding_top":0,"padding_bottom":60}},"169797146572a8084e":{"type":"apps","settings":{"include_margins":true}},"ec7404e6-8ea2-4f4d-952b-0d111f7c5b29":{"type":"aus-tp-slider","blocks":{"245280cc-1993-40f9-b100-688fea6a92b8":{"type":"richtext","settings":{"rating":"5","verified":"Verified","review_title":"Perfect!","review_content":"<p>Ideale webshop. Betrouwbaar en snel.<\/p>","review_time":"43 minuten geleden","customer_name":"Suzanne"}},"59933cf9-187f-465c-a01a-939eec11524b":{"type":"richtext","settings":{"rating":"5","verified":"Verified","review_title":"Snel bezorgd, dank!","review_content":"<p>Mijn item kwam sneller binnen dan aangegeven, super!<\/p>","review_time":"2 uur geleden","customer_name":"Caroline"}},"0adfc5c8-00c6-4d77-b285-0455b1383d2d":{"type":"richtext","settings":{"rating":"5","verified":"Verified","review_title":"Leuk aanbod","review_content":"","review_time":"2 uur geleden","customer_name":"Sanne"}},"6a8fa66e-2a89-4cc1-a696-92e737bd521b":{"type":"richtext","settings":{"rating":"5","verified":"Verified","review_title":"Ik vind  de service heel goed! :-)","review_content":"<p>LoeLoe Amsterdam: bedankt! Wat een top webshop dit, haal hier TE vaak nieuwe kleding. Keer op keer raak!<\/p>","review_time":"3 uur geleden","customer_name":"Joanna"}}},"block_order":["245280cc-1993-40f9-b100-688fea6a92b8","59933cf9-187f-465c-a01a-939eec11524b","0adfc5c8-00c6-4d77-b285-0455b1383d2d","6a8fa66e-2a89-4cc1-a696-92e737bd521b"],"settings":{"heading":"Uitstekend!","content":"<p>Gebaseerd op 827+ reviews <\/p>"}},"05fd7473-6e28-4bca-959b-7aee42a9cf4a":{"type":"image-with-text","blocks":{"template--18184666087689__05fd7473-6e28-4bca-959b-7aee42a9cf4a-heading-1":{"type":"heading","settings":{"heading":"Gratis Track & Trace verzending","heading_size":"h2"}},"template--18184666087689__05fd7473-6e28-4bca-959b-7aee42a9cf4a-text-1":{"type":"text","settings":{"text":"<p>Bij LoeLoe Amsterdam profiteer je altijd van <strong>gratis verzending. <\/strong> Ieder pakketje pakken wij in met liefde en passie.<\/p>","text_style":"body"}},"template--18184666087689__05fd7473-6e28-4bca-959b-7aee42a9cf4a-button-1":{"type":"button","disabled":true,"settings":{"button_label":"Button label","button_link":"","button_style_secondary":false}}},"block_order":["template--18184666087689__05fd7473-6e28-4bca-959b-7aee42a9cf4a-heading-1","template--18184666087689__05fd7473-6e28-4bca-959b-7aee42a9cf4a-text-1","template--18184666087689__05fd7473-6e28-4bca-959b-7aee42a9cf4a-button-1"],"settings":{"image":"shopify:\/\/shop_images\/gratis_track_trace_verzending_1.png","height":"adapt","desktop_image_width":"medium","layout":"image_first","desktop_content_position":"top","desktop_content_alignment":"left","content_layout":"no-overlap","color_scheme":"","image_behavior":"none","mobile_content_alignment":"center","padding_top":36,"padding_bottom":0}},"06912bde-6a97-452a-8d7d-4849349e0e0f":{"type":"collapsible-content","blocks":{"template--18184666087689__06912bde-6a97-452a-8d7d-4849349e0e0f-collapsible_row-1":{"type":"collapsible_row","settings":{"heading":"Bieden jullie gratis verzending?","icon":"check_mark","row_content":"<p>Ja, voor iedere bestelling nemen wij de verzendkosten op ons.<br\/><br\/>Jij profiteert dus van <strong>gratis verzending<\/strong>.<\/p>","page":""}},"template--18184666087689__06912bde-6a97-452a-8d7d-4849349e0e0f-collapsible_row-2":{"type":"collapsible_row","settings":{"heading":"Hoeveel dagen heb ik om te retourneren?","icon":"check_mark","row_content":"<p>Klanten kunnen producten binnen 30 dagen na ontvangst retourneren. Let wel op de retourvoorwaarden die vermeld staan op onze 'retourneren' pagina.<\/p>","page":""}},"template--18184666087689__06912bde-6a97-452a-8d7d-4849349e0e0f-collapsible_row-3":{"type":"collapsible_row","settings":{"heading":"Is het product van goede kwaliteit?","icon":"check_mark","row_content":"<p>Wij werken enkel samen met betrouwbare leveranciers en zorgen ervoor dat alle producten aan onze kwaliteitseisen voldoen.<br\/><strong><br\/>Niet tevreden? Geld terug.<\/strong><\/p>","page":""}},"template--18184666087689__06912bde-6a97-452a-8d7d-4849349e0e0f-collapsible_row-4":{"type":"collapsible_row","settings":{"heading":"Kan ik mijn bestelling volgen?","icon":"check_mark","row_content":"<p>Ja, zodra uw bestelling is verzonden, ontvangt u een e-mail met een trackingnummer waarmee u uw bestelling kunt volgen.<\/p>","page":""}},"b92a9d2b-8e53-4a42-9d64-954ba6809962":{"type":"collapsible_row","settings":{"heading":"Hoe neem ik contact met jullie op?","icon":"check_mark","row_content":"<p>U kunt ons bereiken via info@loeloeams.nl of via ons contactformulier op de website.<\/p><p>Wij streven ernaar om binnen 24 uur te reageren.<\/p>","page":""}}},"block_order":["template--18184666087689__06912bde-6a97-452a-8d7d-4849349e0e0f-collapsible_row-1","template--18184666087689__06912bde-6a97-452a-8d7d-4849349e0e0f-collapsible_row-2","template--18184666087689__06912bde-6a97-452a-8d7d-4849349e0e0f-collapsible_row-3","template--18184666087689__06912bde-6a97-452a-8d7d-4849349e0e0f-collapsible_row-4","b92a9d2b-8e53-4a42-9d64-954ba6809962"],"settings":{"caption":"","heading":"<strong>Veelgestelde vragen (FAQ) <\/strong>","heading_size":"h2","heading_alignment":"center","layout":"none","color_scheme":"","container_color_scheme":"","open_first_collapsible_row":false,"image_ratio":"adapt","desktop_layout":"image_second","padding_top":32,"padding_bottom":36}}},"order":["main","related-products","169797146572a8084e","ec7404e6-8ea2-4f4d-952b-0d111f7c5b29","05fd7473-6e28-4bca-959b-7aee42a9cf4a","06912bde-6a97-452a-8d7d-4849349e0e0f"]}