{"sections":{"main":{"type":"main-product","blocks":{"title":{"type":"title","settings":{}},"rating":{"type":"rating","settings":{}},"price":{"type":"price","settings":{}},"variant_picker":{"type":"variant_picker","settings":{"picker_type":"button"}},"quantity_selector":{"type":"quantity_selector","settings":{}},"buy_buttons":{"type":"buy_buttons","settings":{"show_dynamic_checkout":false,"show_gift_card_recipient":false}},"description":{"type":"description","settings":{}},"0564837d-ab7a-4bd1-8205-de1c8334fdfe":{"type":"icon-with-text","settings":{"layout":"horizontal","icon_1":"heart","heading_1":"Dit product ga je leuk vinden","icon_2":"return","heading_2":"Toch niet leuk? Geld terug!","icon_3":"truck","heading_3":"Gratis verzending op iedere bestelling"}}},"block_order":["title","rating","price","variant_picker","quantity_selector","buy_buttons","description","0564837d-ab7a-4bd1-8205-de1c8334fdfe"],"settings":{"enable_sticky_info":true,"media_size":"small","constrain_to_viewport":true,"media_fit":"contain","gallery_layout":"thumbnail_slider","media_position":"left","image_zoom":"lightbox","mobile_thumbnails":"show","hide_variants":true,"enable_video_looping":false,"padding_top":28,"padding_bottom":28}},"related-products":{"type":"related-products","disabled":true,"settings":{"heading":"You may also like","heading_size":"h2","products_to_show":4,"columns_desktop":4,"color_scheme":"background-1","image_ratio":"portrait","image_shape":"default","show_secondary_image":true,"show_vendor":false,"show_rating":false,"columns_mobile":"2","padding_top":0,"padding_bottom":60}},"6716b75d-6174-426f-8bbc-6ad8d87bcdb9":{"type":"image-with-text","blocks":{"template--18163537314057__6716b75d-6174-426f-8bbc-6ad8d87bcdb9-heading-1":{"type":"heading","settings":{"heading":"Geschikt voor iedere gelegenheid","heading_size":"h2"}},"template--18163537314057__6716b75d-6174-426f-8bbc-6ad8d87bcdb9-text-1":{"type":"text","settings":{"text":"<p><strong>Date night:<\/strong> Zorg voor een onvergetelijke indruk.<\/p><p><strong>Dag op kantoor:<\/strong> Maak indruk op je collega's met klasse.<\/p><p><strong>Dag op school:<\/strong> Zet de trend en voel je comfortabel.<\/p><p><strong>Familie-evenementen:<\/strong> Zie er tiptop uit op elke familiebijeenkomst.<\/p><p><strong>Casual vrije dagen: <\/strong>Houd het stijlvol, maar relaxed.<\/p>","text_style":"body"}}},"block_order":["template--18163537314057__6716b75d-6174-426f-8bbc-6ad8d87bcdb9-heading-1","template--18163537314057__6716b75d-6174-426f-8bbc-6ad8d87bcdb9-text-1"],"disabled":true,"settings":{"height":"adapt","desktop_image_width":"small","layout":"image_first","desktop_content_position":"top","desktop_content_alignment":"left","content_layout":"no-overlap","color_scheme":"","image_behavior":"none","mobile_content_alignment":"left","padding_top":0,"padding_bottom":0}},"34199575-27a1-4317-b0ac-414ecc82222b":{"type":"rich-text","blocks":{"template--18184666054921__34199575-27a1-4317-b0ac-414ecc82222b-heading-1":{"type":"heading","settings":{"heading":"Geschikt voor iedere gelegenheid","heading_size":"h1"}},"template--18184666054921__34199575-27a1-4317-b0ac-414ecc82222b-text-1":{"type":"text","settings":{"text":"<p><strong>Date night:<\/strong> Zorg voor een onvergetelijke indruk.<\/p><p><strong>Dag op kantoor:<\/strong> Maak indruk op je collega's met klasse.<\/p><p><strong>Dag op school:<\/strong> Zet de trend en voel je comfortabel.<\/p><p><strong>Familie-evenementen:<\/strong> Zie er tiptop uit op elke familiebijeenkomst.<\/p><p><strong>Casual vrije dagen: <\/strong>Houd het stijlvol, maar relaxed.<\/p>"}}},"block_order":["template--18184666054921__34199575-27a1-4317-b0ac-414ecc82222b-heading-1","template--18184666054921__34199575-27a1-4317-b0ac-414ecc82222b-text-1"],"settings":{"desktop_content_position":"center","content_alignment":"center","color_scheme":"","full_width":true,"padding_top":40,"padding_bottom":52}},"dd5d06de-48a7-4be9-b823-190e86e021a2":{"type":"collapsible-content","blocks":{"template--18163537314057__dd5d06de-48a7-4be9-b823-190e86e021a2-collapsible_row-4":{"type":"collapsible_row","settings":{"heading":"Kan ik de polo retourneren of ruilen als hij niet past?","icon":"question_mark","row_content":"<p>Ja, wij hebben een retour- en omruilbeleid. Check onze voorwaarden op de website voor meer details.<\/p>","page":""}},"template--18163537314057__dd5d06de-48a7-4be9-b823-190e86e021a2-collapsible_row-3":{"type":"collapsible_row","settings":{"heading":"Is de polo geschikt voor de winter?","icon":"fire","row_content":"<p>Ja, deze polo trui is gemaakt van premium materialen die warmte en comfort bieden tijdens de koudere maanden.<\/p>","page":""}},"template--18163537314057__dd5d06de-48a7-4be9-b823-190e86e021a2-collapsible_row-2":{"type":"collapsible_row","settings":{"heading":"Hoe is de pasvorm van de polo?","icon":"silhouette","row_content":"<p>De polo heeft een nauwkeurige pasvorm, ontworpen voor zowel comfort als een stijlvolle uitstraling.<\/p>","page":""}},"template--18163537314057__dd5d06de-48a7-4be9-b823-190e86e021a2-collapsible_row-1":{"type":"collapsible_row","settings":{"heading":"Waar is deze polo trui van gemaakt?","icon":"plant","row_content":"<p>Deze polo trui is gemaakt van premium materialen die zowel comfort als duurzaamheid garanderen.<\/p><p>80% katoen & 20% polyester<\/p>","page":""}}},"block_order":["template--18163537314057__dd5d06de-48a7-4be9-b823-190e86e021a2-collapsible_row-4","template--18163537314057__dd5d06de-48a7-4be9-b823-190e86e021a2-collapsible_row-3","template--18163537314057__dd5d06de-48a7-4be9-b823-190e86e021a2-collapsible_row-2","template--18163537314057__dd5d06de-48a7-4be9-b823-190e86e021a2-collapsible_row-1"],"settings":{"caption":"Polo Trui","heading":"Veelgestelde vragen","heading_size":"h2","heading_alignment":"center","layout":"none","color_scheme":"","container_color_scheme":"","open_first_collapsible_row":false,"image_ratio":"adapt","desktop_layout":"image_second","padding_top":0,"padding_bottom":24}},"ec7404e6-8ea2-4f4d-952b-0d111f7c5b29":{"type":"aus-tp-slider","blocks":{"245280cc-1993-40f9-b100-688fea6a92b8":{"type":"richtext","settings":{"rating":"5","verified":"Verified","review_title":"Perfecte pasvorm!","review_content":"<p>Wat een fantastische polo! Perfecte pasvorm, voelt zacht en chique. Plus, met elke aankoop steun je ook mensen in Oekraïne. Echte klasse!<\/p>","review_time":"43 minuten geleden","customer_name":"Maarten"}},"59933cf9-187f-465c-a01a-939eec11524b":{"type":"richtext","settings":{"rating":"5","verified":"Verified","review_title":"Comfortabel en luchtig, en snelle verzending","review_content":"<p>Dit shirt is een ervaring op zich. Zowel classy als comfortabel. Kwam sneller binnen dan verwacht<\/p>","review_time":"2 uur geleden","customer_name":"Bas"}},"0adfc5c8-00c6-4d77-b285-0455b1383d2d":{"type":"richtext","settings":{"rating":"5","verified":"Verified","review_title":"Nog drie bijbesteld","review_content":"<p>Na één keer dragen heb ik meteen nog drie polo's besteld! Zowel chic als comfortabel en je h Had eerst alleen de blauwe, nu ook zwart, grijs en beige. Sowieso een aanrader!<\/p>","review_time":"2 uur geleden","customer_name":"Mark"}},"6a8fa66e-2a89-4cc1-a696-92e737bd521b":{"type":"richtext","settings":{"rating":"5","verified":"Verified","review_title":"Ik vind dat de service heel goed is! :-)","review_content":"<p>Ik had deze trui besteld, heb top-service gekregen erbij.<\/p>","review_time":"3 uur geleden","customer_name":"Raoul"}}},"block_order":["245280cc-1993-40f9-b100-688fea6a92b8","59933cf9-187f-465c-a01a-939eec11524b","0adfc5c8-00c6-4d77-b285-0455b1383d2d","6a8fa66e-2a89-4cc1-a696-92e737bd521b"],"settings":{"heading":"Uitstekend!","content":"<h5><strong>Polo Trui: 827+ recensies<\/strong><\/h5>"}},"16979717628a972337":{"type":"apps","settings":{"include_margins":true}}},"order":["main","related-products","6716b75d-6174-426f-8bbc-6ad8d87bcdb9","34199575-27a1-4317-b0ac-414ecc82222b","dd5d06de-48a7-4be9-b823-190e86e021a2","ec7404e6-8ea2-4f4d-952b-0d111f7c5b29","16979717628a972337"]}