{"name":"t:sections.footer.name","type":"footer","sections":{"newsletter":{"type":"newsletter","blocks":{"heading":{"type":"heading","settings":{"heading":"Subscribe to our emails","heading_size":"h1"}},"paragraph":{"type":"paragraph","settings":{"text":"<p>Be the first to know about new collections and exclusive offers.<\/p>"}},"email-form":{"type":"email_form","settings":{}}},"block_order":["heading","paragraph","email-form"],"disabled":true,"settings":{"color_scheme":"inverse","full_width":true,"padding_top":28,"padding_bottom":0}},"footer":{"type":"footer","blocks":{"15b99651-7c63-4358-9dd3-2211fe990e9a":{"type":"link_list","settings":{"heading":"Juridische links","menu":"footer"}},"b551d3d8-5fcc-4504-bd3f-1e43e3df09d0":{"type":"text","settings":{"heading":"Klantenservice","subtext":"<p>Heb je vragen over je bestelling, ons assortiment of iets anders?<br\/><br\/>Neem dan contact op met ons klantenservice team. Wij zijn geopend op de volgende tijden:<br\/><br\/>Ma-vr: 09:00 - 18:00<br\/>Zo-zo: 10:00-15:00<br\/><br\/>Wij antwoorden binnen 24 uur.<br\/><br\/>📍 Nederland, Amsterdam<\/p>"}},"db34f9ec-82ce-486c-842f-7e7e68c6e43d":{"type":"text","settings":{"heading":"Retouren","subtext":"<p>Niet helemaal tevreden? Geen zorgen! <br\/><br\/>Neem contact op met info@loeloe-amsterdam.nl<\/p>"}}},"block_order":["15b99651-7c63-4358-9dd3-2211fe990e9a","b551d3d8-5fcc-4504-bd3f-1e43e3df09d0","db34f9ec-82ce-486c-842f-7e7e68c6e43d"],"settings":{"color_scheme":"inverse","newsletter_enable":false,"newsletter_heading":"Subscribe to our emails","enable_follow_on_shop":false,"show_social":false,"enable_country_selector":false,"enable_language_selector":false,"payment_enable":true,"show_policy":false,"margin_top":0,"padding_top":44,"padding_bottom":60}}},"order":["newsletter","footer"]}