{"name":"t:sections.header.name","type":"header","sections":{"announcement-bar":{"type":"announcement-bar","blocks":{"announcement-bar-0":{"type":"announcement","settings":{"text":"Gratis verzending op iedere bestelling!","link":""}},"5dabd7fe-d85b-4d23-965d-8443fa8f0c7b":{"type":"announcement","disabled":true,"settings":{"text":"Gratis cadeau t.w.v €20 bij elke bestelling!","link":""}}},"block_order":["announcement-bar-0","5dabd7fe-d85b-4d23-965d-8443fa8f0c7b"],"settings":{"color_scheme":"scheme-1eaf357a-08a0-44df-9cb4-9358694c4423","show_line_separator":true,"show_social":false,"auto_rotate":true,"change_slides_speed":4,"enable_country_selector":false,"enable_language_selector":false}},"header":{"type":"header","settings":{"logo_position":"top-center","menu":"main-menu","menu_type_desktop":"dropdown","sticky_header_type":"none","show_line_separator":true,"color_scheme":"inverse","menu_color_scheme":"inverse","enable_country_selector":false,"enable_language_selector":false,"mobile_logo_position":"center","margin_bottom":0,"padding_top":8,"padding_bottom":8}}},"order":["announcement-bar","header"]}